id,retailer,fascia,store_name,add_one,add_two,town,suburb,postcode,long_wgs,lat_wgs,bng_e,bng_n,pqi,open_date,size_band,county,geometry,square_meters
1010001769,Marks and Spencer,Marks and Spencer BP,M&S Hornchurch BP,Southend Arterial Road,,London,Emerson Park,RM11 3UJ,0.240395095270401,51.5798302025586,555332.3715704938,189152.1282839292,Rooftop,,"< 3,013 ft2 (280m2)",Greater London,POINT (0.240395095270401 51.5798302025586),280
1010000785,Asda,Asda Superstore,Asda Romford Superstore,Dolphin Approach,Mercury Gardens,London,Romford,RM1 3EE,0.1855602893043789,51.579472510463546,551534.5115611831,188997.34827661733,Rooftop,,"30,138 ft2 > (2,800 m2)",Greater London,POINT (0.1855602893043789 51.579472510463546),2800
1010008077,The Co-operative Group,The Co-operative Food,Co-op Harold Wood,15 Station Road,Harold Wood,London,Harold Wood,RM3 0BP,0.2334000830527554,51.59358112666278,554801.0262691515,190666.38878855604,Rooftop,,"< 3,013 ft2 (280m2)",Greater London,POINT (0.2334000830527554 51.59358112666278),280
1010011531,Chelmsford Star Co-operative Society,The Co-operative Food,Co-op Mungo Park,150 Mungo Park Road,,London,Elm Park,RM13 7PP,0.1922362860527731,51.54028495956803,552127.6815627582,184653.5682617053,Rooftop,,"< 3,013 ft2 (280m2)",Greater London,POINT (0.1922362860527731 51.54028495956803),280
1010014460,The Southern Co-operative,The Co-operative Food,Co-op Hornchurch - Hornchurch Road,176-178 Hornchurch Road,,London,Heath Park,RM11 1QL,0.2008115343240874,51.5649932523586,552639.6224923636,187418.96391577448,Rooftop,20179999.0,"< 3,013 ft2 (280m2)",Greater London,POINT (0.2008115343240874 51.5649932523586),280
1010014997,The Co-operative Group,The Co-operative Food,Co-op Upminster Road - Upminster,166 Upminster Road,,London,Upminster,RM14 2RB,0.2382971512194301,51.55843650217149,555259.8526703769,186768.72437505095,Rooftop,20189999.0,"< 3,013 ft2 (280m2)",Greater London,POINT (0.2382971512194301 51.55843650217149),280
1010021160,The Southern Co-operative,The Co-operative Food,Co-op FR Upminster,28 Station Road,,London,Upminster,RM14 2UB,0.2498100126933364,51.55723999543816,556061.9480270427,186660.1642996323,Rooftop,20230499.0,"< 3,013 ft2 (280m2)",Greater London,POINT (0.2498100126933364 51.55723999543816),280
1010015875,Budgens,Budgens,Budgens Romford,57-63 London Road,,London,Romford,RM7 9QA,0.1756575903085757,51.575156858316895,550862.7086219717,188496.98333147424,Rooftop,20199999.0,"< 3,013 ft2 (280m2)",Greater London,POINT (0.1756575903085757 51.575156858316895),280
1010005539,Tesco,Tesco Express,Tesco Cranham Express,78-81 Front Lane,Cranham,London,Cranham,RM14 1XL,0.2666934906407949,51.561909256838,557216.1415751305,187215.5182801445,Rooftop,,"< 3,013 ft2 (280m2)",Greater London,POINT (0.2666934906407949 51.561909256838),280
1010020613,Aldi,Aldi,"Aldi Rom Valley Retail Park, Romford",Rom Valley Retail Park,,London,Heath Park,RM7 0AN,0.1836597380370247,51.5697629195175,551435.085460326,187913.70971285063,Rooftop,20221199.0,"3,013 < 15,069 ft2 (280 < 1,400 m2)",Greater London,POINT (0.1836597380370247 51.5697629195175),280
1010008078,The Co-operative Group,The Co-operative Food,Co-op Harold Hill,8 Farnham Road,Harold Hill,London,Harold Hill,RM3 8DX,0.2183232202892728,51.60680459831676,553712.1596664368,192105.0313919296,Rooftop,,"3,013 < 15,069 ft2 (280 < 1,400 m2)",Greater London,POINT (0.2183232202892728 51.60680459831676),280
1010000407,Aldi,Aldi,Aldi Marlborough Road Romford London,7-9 Marlborough Road,,London,Romford,RM7 8AD,0.1632865629723973,51.581656592277625,549984.1415573515,189194.31827456737,Rooftop,,"3,013 < 15,069 ft2 (280 < 1,400 m2)",Greater London,POINT (0.1632865629723973 51.581656592277625),280
1010001545,Marks and Spencer,Marks and Spencer,M&S Romford,39 South Street,,London,Romford,RM1 1NT,0.1819231554889355,51.57747787833399,551289.1415605857,188768.01827533383,Rooftop,,"15,069 < 30,138 ft2 (1,400 < 2,800 m2)",Greater London,POINT (0.1819231554889355 51.57747787833399),1400
1010021896,Sainsburys,Sainsburys Local,Sainsburys Dagenham - Beam Park Local,"Portland House, 14 Halewood Way",,London,South Hornchurch,RM13 8TD,0.170560914468256,51.52411588210485,550678.0121217767,182810.7544609182,Rooftop,20231117.0,"< 3,013 ft2 (280m2)",Greater London,POINT (0.170560914468256 51.52411588210485),280
1010006290,Tesco,Tesco Extra,Tesco Romford Gallows Corner Extra,Bryant Avenue,Romford,London,Harold Wood,RM3 0LL,0.2186634342476589,51.59368630319637,553780.0015666509,190646.99828667985,Rooftop,,"30,138 ft2 > (2,800 m2)",Greater London,POINT (0.2186634342476589 51.59368630319637),2800
1010006288,Tesco,Tesco Extra,Tesco Rainham Extra,Bridge Road,Rainham,London,Rainham,RM13 9YZ,0.1907367062656287,51.52007383110857,552091.0015627143,182402.99825339543,Rooftop,,"30,138 ft2 > (2,800 m2)",Greater London,POINT (0.1907367062656287 51.52007383110857),2800
1010020313,The Co-operative Group,The Co-operative Food,Co-op Romford - Main Road,97-101 Main Road,,London,Gidea Park,RM2 5EL,0.2013735850294502,51.58705974226736,552604.6881147665,189873.91763818692,Rooftop,20229999.0,"< 3,013 ft2 (280m2)",Greater London,POINT (0.2013735850294502 51.58705974226736),280
1010014996,The Co-operative Group,The Co-operative Food,Co-op Elm Park - Hornchurch,10 -15 Station Parade,,London,Elm Park,RM12 5AB,0.1992604292747772,51.54884542390175,552586.1267027872,185620.1045448726,Rooftop,20189999.0,"< 3,013 ft2 (280m2)",Greater London,POINT (0.1992604292747772 51.54884542390175),280
1010013896,Sainsburys,Sainsburys Local,Sainsburys Hornchurch Suttons Lane Local,2 Suttons Lane,,London,Hacton,RM12 6RJ,0.2182491640432753,51.55252878266788,553890.1715670461,186069.4482700505,Rooftop,20179999.0,"< 3,013 ft2 (280m2)",Greater London,POINT (0.2182491640432753 51.55252878266788),280
1010003763,Sainsburys,Sainsburys Local,Sainsburys Harold Hill Local,44 Farnham Road,,London,Harold Hill,RM3 8DX,0.2188918505647153,51.60605245137745,553754.0715665424,192022.5882917001,Rooftop,,"< 3,013 ft2 (280m2)",Greater London,POINT (0.2188918505647153 51.60605245137745),280
1010005548,Tesco,Tesco Express,Tesco Romford Fairview Express,4-6 Fairview Parade,Romford,London,Romford,RM7 7HH,0.1754052925702393,51.57816257331852,550835.2815594648,188830.69827475195,Rooftop,,"< 3,013 ft2 (280m2)",Greater London,POINT (0.1754052925702393 51.57816257331852),280
1010021837,Asda,Asda Express,Asda Romford Station Express,South Street,,London,Romford,RM1 1SS,0.1831670760998426,51.57521512992653,551382.8412259732,188518.9742445263,Rooftop,20231205.0,"< 3,013 ft2 (280m2)",Greater London,POINT (0.1831670760998426 51.57521512992653),280
1010006762,Waitrose,Waitrose,Waitrose Upminster,218 St Marys Lane,Upminster,London,Upminster,RM14 3BT,0.2530858975635922,51.55624665833661,556292.4215728984,186556.6982761008,Rooftop,,"3,013 < 15,069 ft2 (280 < 1,400 m2)",Greater London,POINT (0.2530858975635922 51.55624665833661),280
1010000405,Aldi,Aldi,Aldi Upminster London,119-129 St Mary?s Lane,,London,Upminster,RM14 2QB,0.248396797844099,51.55644400207683,555966.7115721047,186568.638275571,Rooftop,,"3,013 < 15,069 ft2 (280 < 1,400 m2)",Greater London,POINT (0.248396797844099 51.55644400207683),280
1010022862,Morrisons,Morrisons Daily,Morrisons Daily Harold Hill Cambourne Ave,1 Cambourne Avenue,Harold Hill,London,Harold Hill,RM3 8RH,0.2223021425372288,51.59992923265188,554010.9117336512,191348.8648530224,Rooftop,20249999.0,"< 3,013 ft2 (280m2)",Greater London,POINT (0.2223021425372288 51.59992923265188),280
1010020576,Budgens,Budgens,Budgens Romford,Tayberry Court,35 Briar Road,London,Harold Hill,RM3 8SN,0.2138759472195892,51.59984837200388,553427.6611981249,191322.1630172875,Rooftop,20221299.0,"< 3,013 ft2 (280m2)",Greater London,POINT (0.2138759472195892 51.59984837200388),280
1010003189,Sainsburys,Sainsburys,Sainsburys Romford,1 The Brewery,,London,Romford,RM1 1AU,0.1799654990764222,51.5749151612052,551162.0015602813,188478.9982740442,Rooftop,,"30,138 ft2 > (2,800 m2)",Greater London,POINT (0.1799654990764222 51.5749151612052),2800
1010015073,Lidl,Lidl,Lidl Harold Hill London,131-133 Gooshays Drive,Romford,London,Harold Hill,RM3 8AE,0.2242851129078646,51.605831725795774,554128.2572674607,192009.3965923153,Rooftop,20180517.0,"3,013 < 15,069 ft2 (280 < 1,400 m2)",Greater London,POINT (0.2242851129078646 51.605831725795774),280
1010005534,Tesco,Tesco Express,Tesco Butts Rd Express,77-79 Butts Green Road,Hornchurch,London,Emerson Park,RM11 2LD,0.2187658984519563,51.57166569079296,553861.4215669219,188198.5382778188,Rooftop,,"< 3,013 ft2 (280m2)",Greater London,POINT (0.2187658984519563 51.57166569079296),280
1010015993,Budgens,Budgens,Budgens MRH Romford,Farringdon Avenue Harold Hill,,London,Harold Hill,RM3 0AB,0.2170265658903392,51.59739969665996,553645.3032983914,191040.87693522117,Rooftop,20199999.0,"< 3,013 ft2 (280m2)",Greater London,POINT (0.2170265658903392 51.59739969665996),280
1010010618,Tesco,Tesco Express,Tesco Romford Marlborough Express,Mawney Road,,London,Romford,RM7 8AB,0.1642353943699202,51.582420389254594,550047.3615575044,189281.1982750055,Rooftop,20159999.0,"< 3,013 ft2 (280m2)",Greater London,POINT (0.1642353943699202 51.582420389254594),280
1010003761,Sainsburys,Sainsburys Local,Sainsburys Romford North Street Local,137 North Street,Romford,London,Romford,RM1 1ED,0.1760819812989487,51.58208518987031,550869.1815595347,189268.2882764249,Rooftop,,"< 3,013 ft2 (280m2)",Greater London,POINT (0.1760819812989487 51.58208518987031),280
1010010918,Iceland,Iceland,Iceland Upminster,47-49 Corbets Tey Road,,London,Upminster,RM14 2AL,0.2485348644902478,51.5543617374172,555983.4015721506,186337.38827474837,Rooftop,,"3,013 < 15,069 ft2 (280 < 1,400 m2)",Greater London,POINT (0.2485348644902478 51.5543617374172),280
1010007336,Lidl,Lidl,Lidl Romford London,Atlanta Boulevard,South Street,London,Romford,RM1 1TB,0.1831453929315155,51.57378984653106,551386.0715608369,188360.4382740049,Rooftop,,"3,013 < 15,069 ft2 (280 < 1,400 m2)",Greater London,POINT (0.1831453929315155 51.57378984653106),280
1010014462,The Co-operative Group,The Co-operative Food,Co-op Romford - Moray Way,8-10 Moray Way,,London,Rise Park,RM1 4YD,0.1767707758173904,51.59832138902821,550863.1327594589,191075.1755830788,Rooftop,20179999.0,"< 3,013 ft2 (280m2)",Greater London,POINT (0.1767707758173904 51.59832138902821),280
1010006056,Tesco,Tesco Express Esso,Tesco Romford Esso Express,21 Main Road,,London,Romford,RM1 3BT,0.1870594000382372,51.58218747905745,551629.3415614073,189302.3582779081,Rooftop,,"< 3,013 ft2 (280m2)",Greater London,POINT (0.1870594000382372 51.58218747905745),280
1010022672,Asda,Asda Express,Asda Hornchurch Express Petrol,Billet Lane,,London,Hornchurch,RM11 1XA,0.21931452,51.56771436,553912.7750723709,187760.308004893,Rooftop,20240119.0,"< 3,013 ft2 (280m2)",Greater London,POINT (0.21931452 51.56771436),280
1010005535,Tesco,Tesco Express,Tesco Hornchurch Ardleigh Express,92-94 Ardleigh Green Road,,London,Ardleigh Green,RM11 2LG,0.2207397883778169,51.58335298785785,553958.7215671237,189502.3082827824,Rooftop,,"< 3,013 ft2 (280m2)",Greater London,POINT (0.2207397883778169 51.58335298785785),280
1010003762,Sainsburys,Sainsburys Local,Sainsburys Hornchurch Elm Park Avenue Local,Elm Park Avenue,,London,Elm Park,RM12 4RX,0.1984256600187127,51.55105365958493,552520.8715636949,185863.91826685576,Rooftop,,"< 3,013 ft2 (280m2)",Greater London,POINT (0.1984256600187127 51.55105365958493),280
1010012801,Aldi,Aldi,Aldi Collier Row London,89-97 Collier Row Road,,London,Collier Row,RM5 2AT,0.157696508206648,51.59790136948671,549543.5415561992,190989.2982804011,Rooftop,20150924.0,"3,013 < 15,069 ft2 (280 < 1,400 m2)",Greater London,POINT (0.157696508206648 51.59790136948671),280
1010004353,Tesco,Tesco,Tesco Hornchurch Superstore,Airfield Way,Hornchurch,London,Elm Park,RM12 5AF,0.2082885024952821,51.54379171305269,553229.0015654499,185076.99826522983,Rooftop,,"3,013 < 15,069 ft2 (280 < 1,400 m2)",Greater London,POINT (0.2082885024952821 51.54379171305269),280
1010010913,Iceland,Iceland,Iceland Harold Hill,10 Farnham Road,,London,Harold Hill,RM3 8DX,0.2184515537187321,51.606663116273225,553721.5231664603,192089.56839188817,Rooftop,,"3,013 < 15,069 ft2 (280 < 1,400 m2)",Greater London,POINT (0.2184515537187321 51.606663116273225),280
1010003188,Sainsburys,Sainsburys,Sainsburys Hornchurch,101-105 High Street,,London,Hornchurch,RM11 1TX,0.2181876526674125,51.56317349115833,553850.0015669189,187252.9982743236,Rooftop,,"15,069 < 30,138 ft2 (1,400 < 2,800 m2)",Greater London,POINT (0.2181876526674125 51.56317349115833),1400
1010005538,Tesco,Tesco Express,Tesco Rainham Express,119 Rainham Road,Rainham,London,South Hornchurch,RM13 7QX,0.1896400623018559,51.52859899054584,551986.5515624397,183348.70825667077,Rooftop,,"< 3,013 ft2 (280m2)",Greater London,POINT (0.1896400623018559 51.52859899054584),280
1010015072,Lidl,Lidl,Lidl Hornchurch London,High Street,,London,Hornchurch,RM11 1TP,0.2153172715106921,51.56333238762184,553650.5286664299,187264.6362740133,Rooftop,20180314.0,"3,013 < 15,069 ft2 (280 < 1,400 m2)",Greater London,POINT (0.2153172715106921 51.56333238762184),280
1010002038,Marks and Spencer,Marks and Spencer Simply Food,M&S Upminster SF,51-53 Station Road,,London,Upminster,RM14 2SU,0.2497907675464454,51.55834266527415,556056.8415723195,186782.73827651364,Rooftop,,"3,013 < 15,069 ft2 (280 < 1,400 m2)",Greater London,POINT (0.2497907675464454 51.55834266527415),280
1010008583,The Co-operative Group,The Co-operative Food,Co-op Colliers Row,The Retail Unit,Turpin Avenue,London,Collier Row,RM5 2PU,0.1581829151134941,51.6053383705858,549552.8058561913,191817.29168348148,Rooftop,,"< 3,013 ft2 (280m2)",Greater London,POINT (0.1581829151134941 51.6053383705858),280
1010006287,Tesco,Tesco Extra,Tesco Romford Extra,300 Hornchurch Road,Hornchurch,London,Heath Park,RM11 1PY,0.1918402247452655,51.56585396182716,552015.0015624097,187495.99827194388,Rooftop,,"30,138 ft2 > (2,800 m2)",Greater London,POINT (0.1918402247452655 51.56585396182716),2800
1010005536,Tesco,Tesco Express,Tesco South St Romford Express,76 South Street,Romford,London,Romford,RM1 1RX,0.1819583050531053,51.57623207824756,551295.7115606063,188629.55827483325,Rooftop,,"< 3,013 ft2 (280m2)",Greater London,POINT (0.1819583050531053 51.57623207824756),280
1010010917,Iceland,Iceland,Iceland Hornchurch,North Street,,London,Hornchurch,RM11 1RL,0.219821744469745,51.56316875210985,553963.2715671961,187255.9082745365,Rooftop,,"3,013 < 15,069 ft2 (280 < 1,400 m2)",Greater London,POINT (0.219821744469745 51.56316875210985),280
1010006466,Tesco,Tesco,Tesco Collier Row Superstore,316 Collier Row Lane,Romford,London,Collier Row,RM5 3NL,0.1639170867566407,51.59891722251744,549971.0015572524,191114.9982816369,Rooftop,,"3,013 < 15,069 ft2 (280 < 1,400 m2)",Greater London,POINT (0.1639170867566407 51.59891722251744),280
1010010912,Iceland,Iceland,Iceland Romford Market Place,49 Market Place,,London,Romford,RM1 3AB,0.1818921275630833,51.57975282988227,551279.4415605537,189020.92827624927,Rooftop,,"3,013 < 15,069 ft2 (280 < 1,400 m2)",Greater London,POINT (0.1818921275630833 51.57975282988227),280
1010010914,Iceland,Iceland,Iceland Romford,264 London Road,,London,Romford,RM7 9NA,0.1642650172416511,51.57480869842504,550074.4715575987,188434.83827193629,Rooftop,,"3,013 < 15,069 ft2 (280 < 1,400 m2)",Greater London,POINT (0.1642650172416511 51.57480869842504),280
1010005546,Tesco,Tesco Express,Tesco Romford Brentwood Rd Express,405 Brentwood Road,Romford,London,Ardleigh Green,RM2 5TJ,0.2073740933117937,51.57776397109335,553051.5615649183,188852.7682787808,Rooftop,,"< 3,013 ft2 (280m2)",Greater London,POINT (0.2073740933117937 51.57776397109335),280
1010015744,The Co-operative Group,The Co-operative Food,Co-op Gidea Park - Brentwood Road,378 - 392 Brentwood Road,,London,Ardleigh Green,RM2 5TD,0.2076608882021411,51.57707611803389,553073.7419454819,188776.8794855937,Rooftop,20199999.0,"< 3,013 ft2 (280m2)",Greater London,POINT (0.2076608882021411 51.57707611803389),280
1010005537,Tesco,Tesco Express,Tesco Elm Park Romford Express,19-20 Elm Park Avenue,Elm Park,London,Elm Park,RM12 4SB,0.1995135344592785,51.5514386658265,552595.0015638758,185908.99826715156,Rooftop,,"< 3,013 ft2 (280m2)",Greater London,POINT (0.1995135344592785 51.5514386658265),280
